concept_id	concept_name	domain_id	vocabulary_id	concept_class_id	standard_concept	concept_code	valid_start_date	valid_end_date	invalid_reason
8507	Male	_Concepts	Concept Class	Concept Class	S	8507	2019-01-01	2099-12-31	
8532	Female	_Concepts	Concept Class	Concept Class	S	8532	2019-01-01	2099-12-31	
2000000001	AD EMIF	Metadata	Vocabulary	Vocabulary		OMOP generated	1970-01-01	2099-12-31	
2000000002	ADASCog-11 Total	Neuropsychological Examination	Concept Class	Concept Class	S	2000000002	2019-01-01	2099-12-31	
2000000003	ADASCog-13 Total	Neuropsychological Examination	Concept Class	Concept Class	S	2000000003	2019-01-01	2099-12-31	
2000000004	ADCS-ADL	Rating Scales	Concept Class	Concept Class	S	2000000004	2019-01-01	2099-12-31	
2000000005	ADCS-ADL Abnormal	Rating Scales	Concept Class	Concept Class	S	2000000005	2019-01-01	2099-12-31	
2000000009	Animals Fluency 1 min	Neuropsychological Examination	Concept Class	Concept Class	S	2000000009	2019-01-01	2099-12-31	
2000000010	Animals Fluency 1 min Z-score	Neuropsychological Examination	Concept Class	Concept Class	S	2000000010	2019-01-01	2099-12-31	
2000000011	Animals Fluency 2 min	Neuropsychological Examination	Concept Class	Concept Class	S	2000000011	2019-01-01	2099-12-31	
2000000012	Animals Fluency 2 min Z-score	Neuropsychological Examination	Concept Class	Concept Class	S	2000000012	2019-01-01	2099-12-31	
2000000013	ApoE Genotype	Pharmacogenetics Findings	Concept Class	Concept Class	S	2000000013	2019-01-01	2099-12-31	
2000000014	ApoE4 Carrier	Pharmacogenetics Findings	Concept Class	Concept Class	S	2000000014	2019-01-01	2099-12-31	
2000000015	AVLT Delayed	Neuropsychological Examination	Concept Class	Concept Class	S	2000000015	2019-01-01	2099-12-31	
2000000016	AVLT Delayed Z-score	Neuropsychological Examination	Concept Class	Concept Class	S	2000000016	2019-01-01	2099-12-31	
2000000017	AVLT Immediate	Neuropsychological Examination	Concept Class	Concept Class	S	2000000017	2019-01-01	2099-12-31	
2000000018	AVLT Immediate Z-score	Neuropsychological Examination	Concept Class	Concept Class	S	2000000018	2019-01-01	2099-12-31	
2000000019	BADL	Rating Scales	Concept Class	Concept Class	S	2000000019	2019-01-01	2099-12-31	
2000000020	BDI	Rating Scales	Concept Class	Concept Class	S	2000000020	2019-01-01	2099-12-31	
2000000021	BDI Abnormal	Rating Scales	Concept Class	Concept Class	S	2000000021	2019-01-01	2099-12-31	
2000000022	BEM144 Figure	Neuropsychological Examination	Concept Class	Concept Class	S	2000000022	2019-01-01	2099-12-31	
2000000023	BEM144 Figure Z-score	Neuropsychological Examination	Concept Class	Concept Class	S	2000000023	2019-01-01	2099-12-31	
2000000024	BI	Rating Scales	Concept Class	Concept Class	S	2000000024	2019-01-01	2099-12-31	
2000000025	BI Abnormal	Rating Scales	Concept Class	Concept Class	S	2000000025	2019-01-01	2099-12-31	
2000000026	BNT-15	Neuropsychological Examination	Concept Class	Concept Class	S	2000000026	2019-01-01	2099-12-31	
2000000027	BNT-15 Z-score	Neuropsychological Examination	Concept Class	Concept Class	S	2000000027	2019-01-01	2099-12-31	
2000000028	BNT-30	Neuropsychological Examination	Concept Class	Concept Class	S	2000000028	2019-01-01	2099-12-31	
2000000029	BNT-30 Z-score	Neuropsychological Examination	Concept Class	Concept Class	S	2000000029	2019-01-01	2099-12-31	
2000000030	BNT-60	Neuropsychological Examination	Concept Class	Concept Class	S	2000000030	2019-01-01	2099-12-31	
2000000031	BNT-60 Z-score	Neuropsychological Examination	Concept Class	Concept Class	S	2000000031	2019-01-01	2099-12-31	
2000000032	Category Fluency	Neuropsychological Examination	Concept Class	Concept Class	S	2000000032	2019-01-01	2099-12-31	
2000000033	Category Fluency Sum of 3	Neuropsychological Examination	Concept Class	Concept Class	S	2000000033	2019-01-01	2099-12-31	
2000000034	CCQ	Rating Scales	Concept Class	Concept Class	S	2000000034	2019-01-01	2099-12-31	
2000000035	CCQ Abnormal	Rating Scales	Concept Class	Concept Class	S	2000000035	2019-01-01	2099-12-31	
2000000036	Clinical Dementia Rating	Rating Scales	Concept Class	Concept Class	S	2000000036	2019-01-01	2099-12-31	
2000000037	CDR Community Affairs	Rating Scales	Concept Class	Concept Class	S	2000000037	2019-01-01	2099-12-31	
2000000038	CDR Home and Hobbies	Rating Scales	Concept Class	Concept Class	S	2000000038	2019-01-01	2099-12-31	
2000000039	CDR Judgement and Problem Solving	Rating Scales	Concept Class	Concept Class	S	2000000039	2019-01-01	2099-12-31	
2000000040	CDR Memory	Rating Scales	Concept Class	Concept Class	S	2000000040	2019-01-01	2099-12-31	
2000000041	CDR Orientation	Rating Scales	Concept Class	Concept Class	S	2000000041	2019-01-01	2099-12-31	
2000000042	CDR Personal Care	Rating Scales	Concept Class	Concept Class	S	2000000042	2019-01-01	2099-12-31	
2000000043	CDR Sum of Boxes	Rating Scales	Concept Class	Concept Class	S	2000000043	2019-01-01	2099-12-31	
2000000044	CDR Total	Rating Scales	Concept Class	Concept Class	S	2000000044	2019-01-01	2099-12-31	
2000000045	CERAD Figures	Neuropsychological Examination	Concept Class	Concept Class	S	2000000045	2019-01-01	2099-12-31	
2000000046	CERAD Figures Z-score	Neuropsychological Examination	Concept Class	Concept Class	S	2000000046	2019-01-01	2099-12-31	
2000000047	CERAD WL Delayed	Neuropsychological Examination	Concept Class	Concept Class	S	2000000047	2019-01-01	2099-12-31	
2000000048	CERAD WL Delayed Z-score	Neuropsychological Examination	Concept Class	Concept Class	S	2000000048	2019-01-01	2099-12-31	
2000000049	CERAD WL Immediate	Neuropsychological Examination	Concept Class	Concept Class	S	2000000049	2019-01-01	2099-12-31	
2000000050	CERAD WL Immediate Z-score	Neuropsychological Examination	Concept Class	Concept Class	S	2000000050	2019-01-01	2099-12-31	
2000000051	CERAD WL Recognition	Neuropsychological Examination	Concept Class	Concept Class	S	2000000051	2019-01-01	2099-12-31	
2000000052	CES-D	Rating Scales	Concept Class	Concept Class	S	2000000052	2019-01-01	2099-12-31	
2000000053	CES-D Abnormal	Rating Scales	Concept Class	Concept Class	S	2000000053	2019-01-01	2099-12-31	
2000000054	CFT Copy	Neuropsychological Examination	Concept Class	Concept Class	S	2000000054	2019-01-01	2099-12-31	
2000000055	CFT Copy Z-score	Neuropsychological Examination	Concept Class	Concept Class	S	2000000055	2019-01-01	2099-12-31	
2000000056	CFT Delayed	Neuropsychological Examination	Concept Class	Concept Class	S	2000000056	2019-01-01	2099-12-31	
2000000057	CFT Delayed Z-score	Neuropsychological Examination	Concept Class	Concept Class	S	2000000057	2019-01-01	2099-12-31	
2000000058	CFT Immediate	Neuropsychological Examination	Concept Class	Concept Class	S	2000000058	2019-01-01	2099-12-31	
2000000059	CFT Immediate Z-score	Neuropsychological Examination	Concept Class	Concept Class	S	2000000059	2019-01-01	2099-12-31	
2000000060	Clinical Functional Impairment Abnormal	Rating Scales	Concept Class	Concept Class	S	2000000060	2019-01-01	2099-12-31	
2000000061	Clock Drawing-On Command	Neuropsychological Examination	Concept Class	Concept Class	S	2000000061	2019-01-01	2099-12-31	
2000000062	Clock Drawing-Copy	Neuropsychological Examination	Concept Class	Concept Class	S	2000000062	2019-01-01	2099-12-31	
2000000065	Country	Demographics	Concept Class	Concept Class	S	2000000065	2019-01-01	2099-12-31	
2000000066	CSD	Rating Scales	Concept Class	Concept Class	S	2000000066	2019-01-01	2099-12-31	
2000000067	CSD Abnormal	Rating Scales	Concept Class	Concept Class	S	2000000067	2019-01-01	2099-12-31	
2000000068	Amyloid Beta 1-38 (pg/mL)	Laboratory Test Results	Concept Class	Concept Class	S	2000000068	2019-01-01	2099-12-31	
2000000069	Amyloid Beta 1-40 (pg/mL)	Laboratory Test Results	Concept Class	Concept Class	S	2000000069	2019-01-01	2099-12-31	
2000000070	Amyloid Beta 1-42 (pg/mL)	Laboratory Test Results	Concept Class	Concept Class	S	2000000070	2019-01-01	2099-12-31	
2000000071	Amyloid Beta 1-42 Abnormal	Laboratory Test Results	Concept Class	Concept Class	S	2000000071	2019-01-01	2099-12-31	
2000000072	Non-Phosphorylated Tau (pg/mL)	Laboratory Test Results	Concept Class	Concept Class	S	2000000072	2019-01-01	2099-12-31	
2000000073	Phosphorylated Tau (pg/mL)	Laboratory Test Results	Concept Class	Concept Class	S	2000000073	2019-01-01	2099-12-31	
2000000074	Phosphorylated Tau Abnormal	Laboratory Test Results	Concept Class	Concept Class	S	2000000074	2019-01-01	2099-12-31	
2000000075	Total Tau (pg/mL)	Laboratory Test Results	Concept Class	Concept Class	S	2000000075	2019-01-01	2099-12-31	
2000000076	Total Tau Abnormal	Laboratory Test Results	Concept Class	Concept Class	S	2000000076	2019-01-01	2099-12-31	
2000000079	Dementia Father	Clinical Information	Concept Class	Concept Class	S	2000000079	2019-01-01	2099-12-31	
2000000080	Dementia Mother	Clinical Information	Concept Class	Concept Class	S	2000000080	2019-01-01	2099-12-31	
2000000081	Digit Span	Neuropsychological Examination	Concept Class	Concept Class	S	2000000081	2019-01-01	2099-12-31	
2000000082	Digit Span Backward	Neuropsychological Examination	Concept Class	Concept Class	S	2000000082	2019-01-01	2099-12-31	
2000000083	Digit Span Backward Z-score	Neuropsychological Examination	Concept Class	Concept Class	S	2000000083	2019-01-01	2099-12-31	
2000000084	Digit Span Forward	Neuropsychological Examination	Concept Class	Concept Class	S	2000000084	2019-01-01	2099-12-31	
2000000085	Digit Span Forward Z-score	Neuropsychological Examination	Concept Class	Concept Class	S	2000000085	2019-01-01	2099-12-31	
2000000086	Digit Span Total	Neuropsychological Examination	Concept Class	Concept Class	S	2000000086	2019-01-01	2099-12-31	
2000000087	Digit Span Total Z-score	Neuropsychological Examination	Concept Class	Concept Class	S	2000000087	2019-01-01	2099-12-31	
2000000088	DO 80 Picture Naming Test	Neuropsychological Examination	Concept Class	Concept Class	S	2000000088	2019-01-01	2099-12-31	
2000000089	DO 80 Picture Naming Z-score	Neuropsychological Examination	Concept Class	Concept Class	S	2000000089	2019-01-01	2099-12-31	
2000000090	DQLI	Rating Scales	Concept Class	Concept Class	S	2000000090	2019-01-01	2099-12-31	
2000000091	DQLI Abnormal	Rating Scales	Concept Class	Concept Class	S	2000000091	2019-01-01	2099-12-31	
2000000092	Ecog Informant	Rating Scales	Concept Class	Concept Class	S	2000000092	2019-01-01	2099-12-31	
2000000093	Ecog Self	Rating Scales	Concept Class	Concept Class	S	2000000093	2019-01-01	2099-12-31	
2000000094	Education Category	Subject Characteristics	Concept Class	Concept Class	S	2000000094	2019-01-01	2099-12-31	
2000000096	Employment Status	Subject Characteristics	Concept Class	Concept Class	S	2000000096	2019-01-01	2099-12-31	
2000000097	Entorhinal Cortex Left	Imaging	Concept Class	Concept Class	S	2000000097	2019-01-01	2099-12-31	
2000000098	Entorhinal Cortex Right	Imaging	Concept Class	Concept Class	S	2000000098	2019-01-01	2099-12-31	
2000000099	FAQ	Rating Scales	Concept Class	Concept Class	S	2000000099	2019-01-01	2099-12-31	
2000000100	FAQ Abnormal	Rating Scales	Concept Class	Concept Class	S	2000000100	2019-01-01	2099-12-31	
2000000101	FCSRT Delayed Cued	Neuropsychological Examination	Concept Class	Concept Class	S	2000000101	2019-01-01	2099-12-31	
2000000102	FCSRT Delayed Cued Z-score	Neuropsychological Examination	Concept Class	Concept Class	S	2000000102	2019-01-01	2099-12-31	
2000000103	FCSRT Delayed Free	Neuropsychological Examination	Concept Class	Concept Class	S	2000000103	2019-01-01	2099-12-31	
2000000104	FCSRT Delayed Free Z-score	Neuropsychological Examination	Concept Class	Concept Class	S	2000000104	2019-01-01	2099-12-31	
2000000105	FCSRT Immediate Cued	Neuropsychological Examination	Concept Class	Concept Class	S	2000000105	2019-01-01	2099-12-31	
2000000106	FCSRT Immediate Cued Z-score	Neuropsychological Examination	Concept Class	Concept Class	S	2000000106	2019-01-01	2099-12-31	
2000000107	FCSRT Immediate Free	Neuropsychological Examination	Concept Class	Concept Class	S	2000000107	2019-01-01	2099-12-31	
2000000108	FCSRT Immediate Free Z-score	Neuropsychological Examination	Concept Class	Concept Class	S	2000000108	2019-01-01	2099-12-31	
2000000109	FCSRT Recognition	Neuropsychological Examination	Concept Class	Concept Class	S	2000000109	2019-01-01	2099-12-31	
2000000110	First Degree Relatives	Clinical Information	Concept Class	Concept Class	S	2000000110	2019-01-01	2099-12-31	
2000000111	GDS-15	Rating Scales	Concept Class	Concept Class	S	2000000111	2019-01-01	2099-12-31	
2000000112	GDS-15 Abnormal	Rating Scales	Concept Class	Concept Class	S	2000000112	2019-01-01	2099-12-31	
2000000113	GDS-30	Rating Scales	Concept Class	Concept Class	S	2000000113	2019-01-01	2099-12-31	
2000000114	GDS-30 Abnormal	Rating Scales	Concept Class	Concept Class	S	2000000114	2019-01-01	2099-12-31	
2000000115	GDS Scale	Rating Scales	Concept Class	Concept Class	S	2000000115	2019-01-01	2099-12-31	
2000000116	Goldman Total Score	Clinical Information	Concept Class	Concept Class	S	2000000116	2019-01-01	2099-12-31	
2000000117	HADS Anxiety	Rating Scales	Concept Class	Concept Class	S	2000000117	2019-01-01	2099-12-31	
2000000118	HADS Depression	Rating Scales	Concept Class	Concept Class	S	2000000118	2019-01-01	2099-12-31	
2000000119	HADS Total	Rating Scales	Concept Class	Concept Class	S	2000000119	2019-01-01	2099-12-31	
2000000121	HDS	Rating Scales	Concept Class	Concept Class	S	2000000121	2019-01-01	2099-12-31	
2000000122	HDS Abnormal	Rating Scales	Concept Class	Concept Class	S	2000000122	2019-01-01	2099-12-31	
2000000127	HCV Auto Bi	Imaging	Concept Class	Concept Class	S	2000000127	2019-01-01	2099-12-31	
2000000128	HCV Manual Bi	Imaging	Concept Class	Concept Class	S	2000000128	2019-01-01	2099-12-31	
2000000129	HCV Auto L	Imaging	Concept Class	Concept Class	S	2000000129	2019-01-01	2099-12-31	
2000000130	HCV Manual L	Imaging	Concept Class	Concept Class	S	2000000130	2019-01-01	2099-12-31	
2000000131	HCV Auto R	Imaging	Concept Class	Concept Class	S	2000000131	2019-01-01	2099-12-31	
2000000132	HCV Manual R	Imaging	Concept Class	Concept Class	S	2000000132	2019-01-01	2099-12-31	
2000000133	HIS	Rating Scales	Concept Class	Concept Class	S	2000000133	2019-01-01	2099-12-31	
2000000134	HVLT Delayed	Neuropsychological Examination	Concept Class	Concept Class	S	2000000134	2019-01-01	2099-12-31	
2000000135	HVLT Delayed Z-score	Neuropsychological Examination	Concept Class	Concept Class	S	2000000135	2019-01-01	2099-12-31	
2000000136	HVLT Immediate	Neuropsychological Examination	Concept Class	Concept Class	S	2000000136	2019-01-01	2099-12-31	
2000000137	HVLT Immediate Z-score	Neuropsychological Examination	Concept Class	Concept Class	S	2000000137	2019-01-01	2099-12-31	
2000000138	IADL	Rating Scales	Concept Class	Concept Class	S	2000000138	2019-01-01	2099-12-31	
2000000139	IADL Abnormal	Rating Scales	Concept Class	Concept Class	S	2000000139	2019-01-01	2099-12-31	
2000000140	ICV	Imaging	Concept Class	Concept Class	S	2000000140	2019-01-01	2099-12-31	
2000000141	ICV Corrected	Imaging	Concept Class	Concept Class	S	2000000141	2019-01-01	2099-12-31	
2000000142	IQCODE Memory	Rating Scales	Concept Class	Concept Class	S	2000000142	2019-01-01	2099-12-31	
2000000143	IQCODE Total	Rating Scales	Concept Class	Concept Class	S	2000000143	2019-01-01	2099-12-31	
2000000144	Letter Fluency 1 min	Neuropsychological Examination	Concept Class	Concept Class	S	2000000144	2019-01-01	2099-12-31	
2000000145	Letter Fluency 1 min Z-score	Neuropsychological Examination	Concept Class	Concept Class	S	2000000145	2019-01-01	2099-12-31	
2000000146	Letter Fluency 2 min	Neuropsychological Examination	Concept Class	Concept Class	S	2000000146	2019-01-01	2099-12-31	
2000000147	Letter Fluency 2 min Z-score	Neuropsychological Examination	Concept Class	Concept Class	S	2000000147	2019-01-01	2099-12-31	
2000000148	Letter Fluency F-A-S	Neuropsychological Examination	Concept Class	Concept Class	S	2000000148	2019-01-01	2099-12-31	
2000000149	Letter Fluency F-A-S Z-score	Neuropsychological Examination	Concept Class	Concept Class	S	2000000149	2019-01-01	2099-12-31	
2000000150	Letter Fluency N-A-K	Neuropsychological Examination	Concept Class	Concept Class	S	2000000150	2019-01-01	2099-12-31	
2000000151	Living Situation	Subject Characteristics	Concept Class	Concept Class	S	2000000151	2019-01-01	2099-12-31	
2000000152	LM Delayed	Neuropsychological Examination	Concept Class	Concept Class	S	2000000152	2019-01-01	2099-12-31	
2000000153	LM Delayed Z-score	Neuropsychological Examination	Concept Class	Concept Class	S	2000000153	2019-01-01	2099-12-31	
2000000155	LM Immediate Z-score	Neuropsychological Examination	Concept Class	Concept Class	S	2000000155	2019-01-01	2099-12-31	
2000000156	LM Learning Slope	Neuropsychological Examination	Concept Class	Concept Class	S	2000000156	2019-01-01	2099-12-31	
2000000157	LM Recognition	Neuropsychological Examination	Concept Class	Concept Class	S	2000000157	2019-01-01	2099-12-31	
2000000158	MADRS	Rating Scales	Concept Class	Concept Class	S	2000000158	2019-01-01	2099-12-31	
2000000159	MADRS Abnormal	Rating Scales	Concept Class	Concept Class	S	2000000159	2019-01-01	2099-12-31	
2000000160	Marital Status	Subject Characteristics	Concept Class	Concept Class	S	2000000160	2019-01-01	2099-12-31	
2000000161	MAT Score	Cognitive Screening Tests	Concept Class	Concept Class	S	2000000161	2019-01-01	2099-12-31	
2000000162	MDRS	Rating Scales	Concept Class	Concept Class	S	2000000162	2019-01-01	2099-12-31	
2000000163	MDRS Abnormal	Rating Scales	Concept Class	Concept Class	S	2000000163	2019-01-01	2099-12-31	
2000000164	MMSE Memory	Neuropsychological Examination	Concept Class	Concept Class	S	2000000164	2019-01-01	2099-12-31	
2000000165	MMSE Memory Z-score	Neuropsychological Examination	Concept Class	Concept Class	S	2000000165	2019-01-01	2099-12-31	
2000000166	MMSE Total Score	Cognitive Screening Tests	Concept Class	Concept Class	S	2000000166	2019-01-01	2099-12-31	
2000000167	MRI	Imaging	Concept Class	Concept Class	S	2000000167	2019-01-01	2099-12-31	
2000000168	MTA Bilateral	Imaging	Concept Class	Concept Class	S	2000000168	2019-01-01	2099-12-31	
2000000169	MTA Bilateral Abnormal	Imaging	Concept Class	Concept Class	S	2000000169	2019-01-01	2099-12-31	
2000000170	MTA Left	Imaging	Concept Class	Concept Class	S	2000000170	2019-01-01	2099-12-31	
2000000171	MTA Right	Imaging	Concept Class	Concept Class	S	2000000171	2019-01-01	2099-12-31	
2000000172	NART Total	Neuropsychological Examination	Concept Class	Concept Class	S	2000000172	2019-01-01	2099-12-31	
2000000173	NPI Total	Rating Scales	Concept Class	Concept Class	S	2000000173	2019-01-01	2099-12-31	
2000000174	NPI-Q Total	Rating Scales	Concept Class	Concept Class	S	2000000174	2019-01-01	2099-12-31	
2000000175	Palpa 49	Neuropsychological Examination	Concept Class	Concept Class	S	2000000175	2019-01-01	2099-12-31	
2000000176	PET SUVR	_Concepts	Concept Class	Concept Class	S	2000000176	2019-01-01	2099-12-31	
2000000180	Priority Attention	Neuropsychological Examination	Concept Class	Concept Class	S	2000000180	2019-01-01	2099-12-31	
2000000181	Priority Attention Z-score	Neuropsychological Examination	Concept Class	Concept Class	S	2000000181	2019-01-01	2099-12-31	
2000000182	Priority Executive	Neuropsychological Examination	Concept Class	Concept Class	S	2000000182	2019-01-01	2099-12-31	
2000000183	Priority Executive Z-score	Neuropsychological Examination	Concept Class	Concept Class	S	2000000183	2019-01-01	2099-12-31	
2000000184	Priority Language	Neuropsychological Examination	Concept Class	Concept Class	S	2000000184	2019-01-01	2099-12-31	
2000000185	Priority Language Z-score	Neuropsychological Examination	Concept Class	Concept Class	S	2000000185	2019-01-01	2099-12-31	
2000000186	Priority Memory Delayed	Neuropsychological Examination	Concept Class	Concept Class	S	2000000186	2019-01-01	2099-12-31	
2000000187	Priority Memory Delayed Z-score	Neuropsychological Examination	Concept Class	Concept Class	S	2000000187	2019-01-01	2099-12-31	
2000000188	Priority Memory Immediate	Neuropsychological Examination	Concept Class	Concept Class	S	2000000188	2019-01-01	2099-12-31	
2000000189	Priority Memory Immediate Z-score	Neuropsychological Examination	Concept Class	Concept Class	S	2000000189	2019-01-01	2099-12-31	
2000000190	Rey Auditory Verbal Learning Functional Test	_Concepts	Concept Class	Concept Class	S	2000000190	2019-01-01	2099-12-31	
2000000193	Respiratory Rate	Clinical Information	Concept Class	Concept Class	S	2000000193	2019-01-01	2099-12-31	
2000000194	RI-48 Delayed	Neuropsychological Examination	Concept Class	Concept Class	S	2000000194	2019-01-01	2099-12-31	
2000000195	RI-48 Immediate	Neuropsychological Examination	Concept Class	Concept Class	S	2000000195	2019-01-01	2099-12-31	
2000000196	RI-48 Intrusions	Neuropsychological Examination	Concept Class	Concept Class	S	2000000196	2019-01-01	2099-12-31	
2000000197	RL/RI-16 Delayed Free	Neuropsychological Examination	Concept Class	Concept Class	S	2000000197	2019-01-01	2099-12-31	
2000000198	RL/RI-16 Delayed Free Z-score	Neuropsychological Examination	Concept Class	Concept Class	S	2000000198	2019-01-01	2099-12-31	
2000000199	RL/RI-16 Delayed Total	Neuropsychological Examination	Concept Class	Concept Class	S	2000000199	2019-01-01	2099-12-31	
2000000200	RL/RI-16 Immediate Free	Neuropsychological Examination	Concept Class	Concept Class	S	2000000200	2019-01-01	2099-12-31	
2000000201	RL/RI-16 Immediate Free Z-score	Neuropsychological Examination	Concept Class	Concept Class	S	2000000201	2019-01-01	2099-12-31	
2000000202	RL/RI-16 Immediate Total	Neuropsychological Examination	Concept Class	Concept Class	S	2000000202	2019-01-01	2099-12-31	
2000000203	RL/RI-16 Recognition	Neuropsychological Examination	Concept Class	Concept Class	S	2000000203	2019-01-01	2099-12-31	
2000000204	RPM	Neuropsychological Examination	Concept Class	Concept Class	S	2000000204	2019-01-01	2099-12-31	
2000000205	Second Degree Relatives	Clinical Information	Concept Class	Concept Class	S	2000000205	2019-01-01	2099-12-31	
2000000206	Story Delayed	Neuropsychological Examination	Concept Class	Concept Class	S	2000000206	2019-01-01	2099-12-31	
2000000207	Story Delayed Z-score	Neuropsychological Examination	Concept Class	Concept Class	S	2000000207	2019-01-01	2099-12-31	
2000000208	Story Immediate	Neuropsychological Examination	Concept Class	Concept Class	S	2000000208	2019-01-01	2099-12-31	
2000000209	Story Immediate Z-score	Neuropsychological Examination	Concept Class	Concept Class	S	2000000209	2019-01-01	2099-12-31	
2000000210	TMT-A	Neuropsychological Examination	Concept Class	Concept Class	S	2000000210	2019-01-01	2099-12-31	
2000000211	TMT-A Z-score	Neuropsychological Examination	Concept Class	Concept Class	S	2000000211	2019-01-01	2099-12-31	
2000000212	TMT-B	Neuropsychological Examination	Concept Class	Concept Class	S	2000000212	2019-01-01	2099-12-31	
2000000213	TMT-B Z-score	Neuropsychological Examination	Concept Class	Concept Class	S	2000000213	2019-01-01	2099-12-31	
2000000215	VAT-12	Neuropsychological Examination	Concept Class	Concept Class	S	2000000215	2019-01-01	2099-12-31	
2000000216	VAT-24	Neuropsychological Examination	Concept Class	Concept Class	S	2000000216	2019-01-01	2099-12-31	
2000000217	Volume Fourth Ventricle	Imaging	Concept Class	Concept Class	S	2000000217	2019-01-01	2099-12-31	
2000000218	Volume Inferior Lateral Ventricle Left	Imaging	Concept Class	Concept Class	S	2000000218	2019-01-01	2099-12-31	
2000000219	Volume Inferior Lateral Ventricle Right	Imaging	Concept Class	Concept Class	S	2000000219	2019-01-01	2099-12-31	
2000000220	Volume Lateral Ventricle Left	Imaging	Concept Class	Concept Class	S	2000000220	2019-01-01	2099-12-31	
2000000221	Volume Lateral Ventricle Right	Imaging	Concept Class	Concept Class	S	2000000221	2019-01-01	2099-12-31	
2000000222	Volume Third Ventricle	Imaging	Concept Class	Concept Class	S	2000000222	2019-01-01	2099-12-31	
2000000223	WAIS Similarities	Neuropsychological Examination	Concept Class	Concept Class	S	2000000223	2019-01-01	2099-12-31	
2000000224	Wechsler Adult Intelligence Scale (WAIS IV)	Neuropsychological Examination	Concept Class	Concept Class	S	2000000224	2019-01-01	2099-12-31	
2000000225	WAIS Vocabulary	Neuropsychological Examination	Concept Class	Concept Class	S	2000000225	2019-01-01	2099-12-31	
2000000227	WS	Rating Scales	Concept Class	Concept Class	S	2000000227	2019-01-01	2099-12-31	
2000000238	Yes	_Concepts	Concept Class	Concept Class	S	2000000238	2019-01-01	2099-12-31	
2000000239	No	_Concepts	Concept Class	Concept Class	S	2000000239	2019-01-01	2099-12-31	
2000000254	MCI	_Concepts	Concept Class	Concept Class	S	2000000254	2019-01-01	2099-12-31	
2000000255	AD	_Concepts	Concept Class	Concept Class	S	2000000255	2019-01-01	2099-12-31	
2000000256	SCI	_Concepts	Concept Class	Concept Class	S	2000000256	2019-01-01	2099-12-31	
2000000259	Fact	Metadata	Domain	Domain	S	OMOP generated	2016-10-01	2099-12-31	
2000000265	Fact Type	Metadata	Concept Class	Concept Class		AD EMIF generated	2016-07-01	2099-01-31	
2000000268	fact	Metadata	Concept Class	Concept Class		AD EMIF generated	2016-07-01	2099-01-31	
2000000269	fact_value	Metadata	Concept Class	Concept Class		AD EMIF generated	2016-07-01	2099-01-31	
2000000276	Stroop Part 1	Neuropsychological Examination	Concept Class	Concept Class	S	2000000276	2019-01-01	2099-12-31	
2000000277	Stroop Part 1 Z-score	Neuropsychological Examination	Concept Class	Concept Class	S	2000000277	2019-01-01	2099-12-31	
2000000278	Stroop Part 2	Neuropsychological Examination	Concept Class	Concept Class	S	2000000278	2019-01-01	2099-12-31	
2000000279	Stroop Part 2 Z-score	Neuropsychological Examination	Concept Class	Concept Class	S	2000000279	2019-01-01	2099-12-31	
2000000280	Stroop Part 3	Neuropsychological Examination	Concept Class	Concept Class	S	2000000280	2019-01-01	2099-12-31	
2000000281	Stroop Part 3 Z-score	Neuropsychological Examination	Concept Class	Concept Class	S	2000000281	2019-01-01	2099-12-31	
2000000282	Priority Attention Type	Neuropsychological Examination	Concept Class	Concept Class	S	2000000282	2019-01-01	2099-12-31	
2000000283	Priority Executive Type	Neuropsychological Examination	Concept Class	Concept Class	S	2000000283	2019-01-01	2099-12-31	
2000000284	Priority Language Type	Neuropsychological Examination	Concept Class	Concept Class	S	2000000284	2019-01-01	2099-12-31	
2000000285	Priority Memory Type	Neuropsychological Examination	Concept Class	Concept Class	S	2000000285	2019-01-01	2099-12-31	
2000000286	Priority Visuoconstruction Test	Neuropsychological Examination	Concept Class	Concept Class	S	2000000286	2019-01-01	2099-12-31	
2000000287	CSF 1000 Study Volume	Laboratory Test Results	Concept Class	Concept Class	S	2000000287	2019-01-01	2099-12-31	
2000000290	Amyloid PET Method	Imaging	Concept Class	Concept Class	S	2000000290	2019-01-01	2099-12-31	
2000000291	Amyloid PET Tracer	Imaging	Concept Class	Concept Class	S	2000000291	2019-01-01	2099-12-31	
2000000292	Amyloid PET Manufacturer	Imaging	Concept Class	Concept Class	S	2000000292	2019-01-01	2099-12-31	
2000000293	CSF Assay	Laboratory Test Results	Concept Class	Concept Class	S	2000000293	2019-01-01	2099-12-31	
2000000294	Blood Freeze Thaw Cycles	Laboratory Test Results	Concept Class	Concept Class	S	2000000294	2019-01-01	2099-12-31	
2000000295	CSF Assay Company	Laboratory Test Results	Concept Class	Concept Class	S	2000000295	2019-01-01	2099-12-31	
2000000296	Condition Code	Metadata	Concept Class	Concept Class		AD EMIF generated	2016-01-01	2099-12-31	
2000000297	Amyloid Beta 1-42 Cut-off	Laboratory Test Results	Concept Class	Concept Class	S	2000000297	2019-01-01	2099-12-31	
2000000298	Total Tau Cut-off	Laboratory Test Results	Concept Class	Concept Class	S	2000000298	2019-01-01	2099-12-31	
2000000299	Entorhinal Cortex Method	Imaging	Concept Class	Concept Class	S	2000000299	2019-01-01	2099-12-31	
2000000300	FDG PET Manufacturer	Imaging	Concept Class	Concept Class	S	2000000300	2019-01-01	2099-12-31	
2000000301	FDG PET Method	Imaging	Concept Class	Concept Class	S	2000000301	2019-01-01	2099-12-31	
2000000302	FDG PET Tracer	Imaging	Concept Class	Concept Class	S	2000000302	2019-01-01	2099-12-31	
2000000303	Blood Freezing Temperature	Laboratory Test Results	Concept Class	Concept Class	S	2000000303	2019-01-01	2099-12-31	
2000000304	HCV Auto Method	Imaging	Concept Class	Concept Class	S	2000000304	2019-01-01	2099-12-31	
2000000307	MRI Manufacturer	Imaging	Concept Class	Concept Class	S	2000000307	2019-01-01	2099-12-31	
2000000309	MRI Field Strength	Imaging	Concept Class	Concept Class	S	2000000309	2019-01-01	2099-12-31	
2000000310	MTA Bilateral Abnormal Cut-off	Imaging	Concept Class	Concept Class	S	2000000310	2019-01-01	2099-12-31	
2000000311	PALZ Cut-off	Imaging	Concept Class	Concept Class	S	2000000311	2019-01-01	2099-12-31	
2000000312	Plasma Freeze Thaw Cycles	Laboratory Test Results	Concept Class	Concept Class	S	2000000312	2019-01-01	2099-12-31	
2000000313	SUVR Cut-off	Imaging	Concept Class	Concept Class	S	2000000313	2019-01-01	2099-12-31	
2000000314	SUVR Region of Interest	Imaging	Concept Class	Concept Class	S	2000000314	2019-01-01	2099-12-31	
2000000315	Type of Dementia Father	Clinical Information	Concept Class	Concept Class	S	2000000315	2019-01-01	2099-12-31	
2000000316	Type of Dementia Mother	Clinical Information	Concept Class	Concept Class	S	2000000316	2019-01-01	2099-12-31	
2000000317	Angiotensin Converting Enzyme (ACE) Inhibitors	Clinical Information	Concept Class	Concept Class	S	2000000317	2019-01-01	2099-12-31	
2000000318	ADCS-ADL Informant	Rating Scales	Concept Class	Concept Class	S	2000000318	2019-01-01	2099-12-31	
2000000319	AD Pattern	Imaging	Concept Class	Concept Class	S	2000000319	2019-01-01	2099-12-31	
2000000320	ApoE Allele 1	Pharmacogenetics Findings	Concept Class	Concept Class	S	2000000320	2019-01-01	2099-12-31	
2000000321	ApoE Allele 2	Pharmacogenetics Findings	Concept Class	Concept Class	S	2000000321	2019-01-01	2099-12-31	
2000000322	Acetylcholine Esterase Inhibitors	Clinical Information	Concept Class	Concept Class	S	2000000322	2019-01-01	2099-12-31	
2000000323	Alcohol	Clinical Information	Concept Class	Concept Class	S	2000000323	2019-01-01	2099-12-31	
2000000324	Alcohol Amount	Clinical Information	Concept Class	Concept Class	S	2000000324	2019-01-01	2099-12-31	
2000000325	Amyloid PET Abnormal	Imaging	Concept Class	Concept Class	S	2000000325	2019-01-01	2099-12-31	
2000000326	Angina Pectoris	Clinical Information	Concept Class	Concept Class	S	2000000326	2019-01-01	2099-12-31	
2000000327	Anti-Depressive Medication	Clinical Information	Concept Class	Concept Class	S	2000000327	2019-01-01	2099-12-31	
2000000328	Anti-Diabetic Drugs	Clinical Information	Concept Class	Concept Class	S	2000000328	2019-01-01	2099-12-31	
2000000329	Anti-Epileptic Drugs	Clinical Information	Concept Class	Concept Class	S	2000000329	2019-01-01	2099-12-31	
2000000330	Anti-Psychotic Medication	Clinical Information	Concept Class	Concept Class	S	2000000330	2019-01-01	2099-12-31	
2000000331	Anxiety	Clinical Information	Concept Class	Concept Class	S	2000000331	2019-01-01	2099-12-31	
2000000332	Anxiolytica Sedativa	Clinical Information	Concept Class	Concept Class	S	2000000332	2019-01-01	2099-12-31	
2000000333	Aspirin	Clinical Information	Concept Class	Concept Class	S	2000000333	2019-01-01	2099-12-31	
2000000334	Atrial Fibrillation	Clinical Information	Concept Class	Concept Class	S	2000000334	2019-01-01	2099-12-31	
2000000335	Atrophy	Imaging	Concept Class	Concept Class	S	2000000335	2019-01-01	2099-12-31	
2000000336	Beta-Blockers	Clinical Information	Concept Class	Concept Class	S	2000000336	2019-01-01	2099-12-31	
2000000337	Bleeding	Clinical Information	Concept Class	Concept Class	S	2000000337	2019-01-01	2099-12-31	
2000000338	Body Fat	Clinical Information	Concept Class	Concept Class	S	2000000338	2019-01-01	2099-12-31	
2000000339	Body Mass Index	Clinical Information	Concept Class	Concept Class	S	2000000339	2019-01-01	2099-12-31	
2000000340	Body Surface Area	Clinical Information	Concept Class	Concept Class	S	2000000340	2019-01-01	2099-12-31	
2000000341	Bypass/stent for Carotid Stenosis	Clinical Information	Concept Class	Concept Class	S	2000000341	2019-01-01	2099-12-31	
2000000342	CDR Global Score	Rating Scales	Concept Class	Concept Class	S	2000000342	2019-01-01	2099-12-31	
2000000343	COPD	Clinical Information	Concept Class	Concept Class	S	2000000343	2019-01-01	2099-12-31	
2000000344	CVLT Immediate	Neuropsychological Examination	Concept Class	Concept Class	S	2000000344	2019-01-01	2099-12-31	
2000000345	CVLT Immediate Z-score	Neuropsychological Examination	Concept Class	Concept Class	S	2000000345	2019-01-01	2099-12-31	
2000000346	CVLT Long Delay Cued	Neuropsychological Examination	Concept Class	Concept Class	S	2000000346	2019-01-01	2099-12-31	
2000000347	CVLT Long Delay Cued Z-score	Neuropsychological Examination	Concept Class	Concept Class	S	2000000347	2019-01-01	2099-12-31	
2000000348	CVLT Long Delay Free	Neuropsychological Examination	Concept Class	Concept Class	S	2000000348	2019-01-01	2099-12-31	
2000000349	CVLT Long Delay Free Z-score	Neuropsychological Examination	Concept Class	Concept Class	S	2000000349	2019-01-01	2099-12-31	
2000000350	CVLT Recognition	Neuropsychological Examination	Concept Class	Concept Class	S	2000000350	2019-01-01	2099-12-31	
2000000351	CVLT Recognition Z-score	Neuropsychological Examination	Concept Class	Concept Class	S	2000000351	2019-01-01	2099-12-31	
2000000352	CVLT Short Delay Cued	Neuropsychological Examination	Concept Class	Concept Class	S	2000000352	2019-01-01	2099-12-31	
2000000353	CVLT Short Delay Cued Z-score	Neuropsychological Examination	Concept Class	Concept Class	S	2000000353	2019-01-01	2099-12-31	
2000000354	CVLT Short Delay Free	Neuropsychological Examination	Concept Class	Concept Class	S	2000000354	2019-01-01	2099-12-31	
2000000355	CVLT Short Delay Free Z-score	Neuropsychological Examination	Concept Class	Concept Class	S	2000000355	2019-01-01	2099-12-31	
2000000356	Calcium Antagonists	Clinical Information	Concept Class	Concept Class	S	2000000356	2019-01-01	2099-12-31	
2000000357	Carotid Stenosis	Clinical Information	Concept Class	Concept Class	S	2000000357	2019-01-01	2099-12-31	
2000000358	Cholesterol	Clinical Information	Concept Class	Concept Class	S	2000000358	2019-01-01	2099-12-31	
2000000359	Cholesterol-lowering Drugs	Clinical Information	Concept Class	Concept Class	S	2000000359	2019-01-01	2099-12-31	
2000000360	Coronary Bypass Surgery	Clinical Information	Concept Class	Concept Class	S	2000000360	2019-01-01	2099-12-31	
2000000362	DO 80 Picture Naming	Neuropsychological Examination	Concept Class	Concept Class	S	2000000362	2019-01-01	2099-12-31	
2000000363	Diabetes Mellitus	Clinical Information	Concept Class	Concept Class	S	2000000363	2019-01-01	2099-12-31	
2000000365	Digoxine	Clinical Information	Concept Class	Concept Class	S	2000000365	2019-01-01	2099-12-31	
2000000366	Diuretics	Clinical Information	Concept Class	Concept Class	S	2000000366	2019-01-01	2099-12-31	
2000000367	Dotter/stent Placement	Clinical Information	Concept Class	Concept Class	S	2000000367	2019-01-01	2099-12-31	
2000000368	FDG PET Abnormal	Imaging	Concept Class	Concept Class	S	2000000368	2019-01-01	2099-12-31	
2000000373	Gingko	Clinical Information	Concept Class	Concept Class	S	2000000373	2019-01-01	2099-12-31	
2000000375	HADS Total Abnormal	Rating Scales	Concept Class	Concept Class	S	2000000375	2019-01-01	2099-12-31	
2000000376	HCV Manual Bi Abnormal	Imaging	Concept Class	Concept Class	S	2000000376	2019-01-01	2099-12-31	
2000000378	Head Trauma	Clinical Information	Concept Class	Concept Class	S	2000000378	2019-01-01	2099-12-31	
2000000379	Heart Failure	Clinical Information	Concept Class	Concept Class	S	2000000379	2019-01-01	2099-12-31	
2000000380	High-Dose Vitamin E	Clinical Information	Concept Class	Concept Class	S	2000000380	2019-01-01	2099-12-31	
2000000381	Hypercholesterolemia	Clinical Information	Concept Class	Concept Class	S	2000000381	2019-01-01	2099-12-31	
2000000382	Hyperlipedemia	Clinical Information	Concept Class	Concept Class	S	2000000382	2019-01-01	2099-12-31	
2000000383	Hypertension	Clinical Information	Concept Class	Concept Class	S	2000000383	2019-01-01	2099-12-31	
2000000384	Hyperthyroid Function	Clinical Information	Concept Class	Concept Class	S	2000000384	2019-01-01	2099-12-31	
2000000385	Hypothyroid Function	Clinical Information	Concept Class	Concept Class	S	2000000385	2019-01-01	2099-12-31	
2000000386	Insulin	Clinical Information	Concept Class	Concept Class	S	2000000386	2019-01-01	2099-12-31	
2000000388	Body Length (cm)	Clinical Information	Concept Class	Concept Class	S	2000000388	2019-01-01	2099-12-31	
2000000389	MoCA	Cognitive Screening Tests	Concept Class	Concept Class	S	2000000389	2019-01-01	2099-12-31	
2000000390	Myocardial Infarction	Clinical Information	Concept Class	Concept Class	S	2000000390	2019-01-01	2099-12-31	
2000000391	NSAID	Clinical Information	Concept Class	Concept Class	S	2000000391	2019-01-01	2099-12-31	
2000000392	Nitrate-Derivates	Clinical Information	Concept Class	Concept Class	S	2000000392	2019-01-01	2099-12-31	
2000000394	OFT	Neuropsychological Examination	Concept Class	Concept Class	S	2000000394	2019-01-01	2099-12-31	
2000000395	OFT Z-score	Neuropsychological Examination	Concept Class	Concept Class	S	2000000395	2019-01-01	2099-12-31	
2000000396	Obesity	Clinical Information	Concept Class	Concept Class	S	2000000396	2019-01-01	2099-12-31	
2000000397	Oestrogen Replacement Therapy (HRT)	Clinical Information	Concept Class	Concept Class	S	2000000397	2019-01-01	2099-12-31	
2000000398	Oral Anti-Coagulant Drugs (e.g. Warfarin)	Clinical Information	Concept Class	Concept Class	S	2000000398	2019-01-01	2099-12-31	
2000000399	Other Anti-Arrhythmic Drugs	Clinical Information	Concept Class	Concept Class	S	2000000399	2019-01-01	2099-12-31	
2000000400	Other Cardiovascular Disorders	Clinical Information	Concept Class	Concept Class	S	2000000400	2019-01-01	2099-12-31	
2000000401	Other Cardiovascular Drugs	Clinical Information	Concept Class	Concept Class	S	2000000401	2019-01-01	2099-12-31	
2000000402	Other Cardiovascular Risk Factors	Clinical Information	Concept Class	Concept Class	S	2000000402	2019-01-01	2099-12-31	
2000000403	Other Cerebrovascular Disorders	Clinical Information	Concept Class	Concept Class	S	2000000403	2019-01-01	2099-12-31	
2000000404	Other Dementia Drugs	Clinical Information	Concept Class	Concept Class	S	2000000404	2019-01-01	2099-12-31	
2000000405	Other Endocrine Disorders	Clinical Information	Concept Class	Concept Class	S	2000000405	2019-01-01	2099-12-31	
2000000406	Other Hormonal Therapy	Clinical Information	Concept Class	Concept Class	S	2000000406	2019-01-01	2099-12-31	
2000000407	Other Lipid Lowering Drugs	Clinical Information	Concept Class	Concept Class	S	2000000407	2019-01-01	2099-12-31	
2000000408	Other Neurological Disorders	Clinical Information	Concept Class	Concept Class	S	2000000408	2019-01-01	2099-12-31	
2000000409	Other Platelet Inhibitors	Clinical Information	Concept Class	Concept Class	S	2000000409	2019-01-01	2099-12-31	
2000000410	Other Psychiatric Disorders	Clinical Information	Concept Class	Concept Class	S	2000000410	2019-01-01	2099-12-31	
2000000411	Other Psychopharmaca	Clinical Information	Concept Class	Concept Class	S	2000000411	2019-01-01	2099-12-31	
2000000412	Other Somatic Disorders	Clinical Information	Concept Class	Concept Class	S	2000000412	2019-01-01	2099-12-31	
2000000413	PALZ Abnormal	Imaging	Concept Class	Concept Class	S	2000000413	2019-01-01	2099-12-31	
2000000414	PALZ Score	Imaging	Concept Class	Concept Class	S	2000000414	2019-01-01	2099-12-31	
2000000415	Pacemaker	Clinical Information	Concept Class	Concept Class	S	2000000415	2019-01-01	2099-12-31	
2000000416	Parkinsons Disease	Clinical Information	Concept Class	Concept Class	S	2000000416	2019-01-01	2099-12-31	
2000000417	Physical activity	Clinical Information	Concept Class	Concept Class	S	2000000417	2019-01-01	2099-12-31	
2000000419	Priority Visuoconstruction	Neuropsychological Examination	Concept Class	Concept Class	S	2000000419	2019-01-01	2099-12-31	
2000000420	Priority Visuoconstruction Z-score	Neuropsychological Examination	Concept Class	Concept Class	S	2000000420	2019-01-01	2099-12-31	
2000000421	Pulse Rate	Clinical Information	Concept Class	Concept Class	S	2000000421	2019-01-01	2099-12-31	
2000000423	Remainder Other Medication	Clinical Information	Concept Class	Concept Class	S	2000000423	2019-01-01	2099-12-31	
2000000424	SDST	Neuropsychological Examination	Concept Class	Concept Class	S	2000000424	2019-01-01	2099-12-31	
2000000425	SDST Z-score	Neuropsychological Examination	Concept Class	Concept Class	S	2000000425	2019-01-01	2099-12-31	
2000000426	STAI	Rating Scales	Concept Class	Concept Class	S	2000000426	2019-01-01	2099-12-31	
2000000427	STAI Abnormal	Rating Scales	Concept Class	Concept Class	S	2000000427	2019-01-01	2099-12-31	
2000000428	SUVR	Imaging	Concept Class	Concept Class	S	2000000428	2019-01-01	2099-12-31	
2000000429	SUVR Abnormal	Imaging	Concept Class	Concept Class	S	2000000429	2019-01-01	2099-12-31	
2000000430	Selective Reminding Test	Neuropsychological Examination	Concept Class	Concept Class	S	2000000430	2019-01-01	2099-12-31	
2000000432	Severe Kidney Disorder	Clinical Information	Concept Class	Concept Class	S	2000000432	2019-01-01	2099-12-31	
2000000433	Severe Liver Disorder	Clinical Information	Concept Class	Concept Class	S	2000000433	2019-01-01	2099-12-31	
2000000434	Sleep Disorders	Clinical Information	Concept Class	Concept Class	S	2000000434	2019-01-01	2099-12-31	
2000000435	Smoking	Clinical Information	Concept Class	Concept Class	S	2000000435	2019-01-01	2099-12-31	
2000000436	Smoking Amount	Clinical Information	Concept Class	Concept Class	S	2000000436	2019-01-01	2099-12-31	
2000000437	Statines	Clinical Information	Concept Class	Concept Class	S	2000000437	2019-01-01	2099-12-31	
2000000438	Stroke	Clinical Information	Concept Class	Concept Class	S	2000000438	2019-01-01	2099-12-31	
2000000439	Stroop Interference	Neuropsychological Examination	Concept Class	Concept Class	S	2000000439	2019-01-01	2099-12-31	
2000000441	TIA	Clinical Information	Concept Class	Concept Class	S	2000000441	2019-01-01	2099-12-31	
2000000442	Temporal Parietal Cortex Left	Imaging	Concept Class	Concept Class	S	2000000442	2019-01-01	2099-12-31	
2000000443	Temporal Parietal Cortex Right	Imaging	Concept Class	Concept Class	S	2000000443	2019-01-01	2099-12-31	
2000000444	Thyroid Agonists	Clinical Information	Concept Class	Concept Class	S	2000000444	2019-01-01	2099-12-31	
2000000445	Thyroid Antagonists	Clinical Information	Concept Class	Concept Class	S	2000000445	2019-01-01	2099-12-31	
2000000448	Token Test	Neuropsychological Examination	Concept Class	Concept Class	S	2000000448	2019-01-01	2099-12-31	
2000000450	VOSP Letters	Neuropsychological Examination	Concept Class	Concept Class	S	2000000450	2019-01-01	2099-12-31	
2000000451	VOSP Number	Neuropsychological Examination	Concept Class	Concept Class	S	2000000451	2019-01-01	2099-12-31	
2000000452	VOSP Object	Neuropsychological Examination	Concept Class	Concept Class	S	2000000452	2019-01-01	2099-12-31	
2000000453	VOSP Position	Neuropsychological Examination	Concept Class	Concept Class	S	2000000453	2019-01-01	2099-12-31	
2000000454	VOSP Silhouettes	Neuropsychological Examination	Concept Class	Concept Class	S	2000000454	2019-01-01	2099-12-31	
2000000455	VOSP Silhouettes Z-score	Neuropsychological Examination	Concept Class	Concept Class	S	2000000455	2019-01-01	2099-12-31	
2000000456	VOSP Total	Neuropsychological Examination	Concept Class	Concept Class	S	2000000456	2019-01-01	2099-12-31	
2000000457	VOSP Total Z-score	Neuropsychological Examination	Concept Class	Concept Class	S	2000000457	2019-01-01	2099-12-31	
2000000459	WAIS Block Design	Neuropsychological Examination	Concept Class	Concept Class	S	2000000459	2019-01-01	2099-12-31	
2000000460	WAIS Block Design Z-score	Neuropsychological Examination	Concept Class	Concept Class	S	2000000460	2019-01-01	2099-12-31	
2000000461	WAIS Total	Neuropsychological Examination	Concept Class	Concept Class	S	2000000461	2019-01-01	2099-12-31	
2000000462	Weight (kg)	Clinical Information	Concept Class	Concept Class	S	2000000462	2019-01-01	2099-12-31	
2000000463	Phosphorylated Tau Cut-off	Laboratory Test Results	Concept Class	Concept Class	S	2000000463	2019-01-01	2099-12-31	
2000000468	Family History of Dementia	Clinical Information	Concept Class	Concept Class	S	2000000468	2019-01-01	2099-12-31	
2000000469	Delirium	Clinical Information	Concept Class	Concept Class	S	2000000469	2019-01-01	2099-12-31	
2000000470	Depression	Clinical Information	Concept Class	Concept Class	S	2000000470	2019-01-01	2099-12-31	
2000000471	Angiotensin Antagonists	Clinical Information	Concept Class	Concept Class	S	2000000471	2019-01-01	2099-12-31	
2000000472	WAIS Similarities Z-score	Neuropsychological Examination	Concept Class	Concept Class	S	2000000472	2019-01-01	2099-12-31	
2000000473	Other Cardiac Diseases	Clinical Information	Concept Class	Concept Class	S	2000000473	2019-01-01	2099-12-31	
2000000476	HCV Manual Method	Imaging	Concept Class	Concept Class	S	2000000476	2019-01-01	2099-12-31	
2000000477	Date of Neuropsychological Examination	Neuropsychological Examination	Concept Class	Concept Class	S	2000000477	2019-01-01	2099-12-31	
2000000478	Date of Rating Scales Assessment	Rating Scales	Concept Class	Concept Class	S	2000000478	2019-01-01	2099-12-31	
2000000479	Date MMSE	Cognitive Screening Tests	Concept Class	Concept Class	S	2000000479	2019-01-01	2099-12-31	
2000000480	Date Blood Collection	Laboratory Test Results	Concept Class	Concept Class	S	2000000480	2019-01-01	2099-12-31	
2000000481	Date MRI	Imaging	Concept Class	Concept Class	S	2000000481	2019-01-01	2099-12-31	
2000000482	Date CSF Collection	Laboratory Test Results	Concept Class	Concept Class	S	2000000482	2019-01-01	2099-12-31	
2000000485	1000 Study CSF	Laboratory Test Results	Concept Class	Concept Class	S	2000000485	2019-01-01	2099-12-31	
2000000486	1000 Study MRI	Imaging	Concept Class	Concept Class	S	2000000486	2019-01-01	2099-12-31	
2000000487	ADCS-Activities of Daily Living Inventory	Rating Scales	Concept Class	Concept Class	S	2000000487	2019-01-01	2099-12-31	
2000000488	Age	Demographics	Concept Class	Concept Class	S	2000000488	2019-01-01	2099-12-31	
2000000489	Alzheimer's Disease Assessment Scale Cognitive Subscale	Neuropsychological Examination	Concept Class	Concept Class	S	2000000489	2019-01-01	2099-12-31	
2000000490	Amyloid PET	Imaging	Concept Class	Concept Class	S	2000000490	2019-01-01	2099-12-31	
2000000491	Amyloid PET Dates	Imaging	Concept Class	Concept Class	S	2000000491	2019-01-01	2099-12-31	
2000000492	Amyloid PET Measures	Imaging	Concept Class	Concept Class	S	2000000492	2019-01-01	2099-12-31	
2000000493	Amyloid PET Protocol	Imaging	Concept Class	Concept Class	S	2000000493	2019-01-01	2099-12-31	
2000000494	Anti-Hypertensive Drugs	Clinical Information	Concept Class	Concept Class	S	2000000494	2019-01-01	2099-12-31	
2000000495	Anxiety Rating Scales	Rating Scales	Concept Class	Concept Class	S	2000000495	2019-01-01	2099-12-31	
2000000496	Aphasia Token Test	Neuropsychological Examination	Concept Class	Concept Class	S	2000000496	2019-01-01	2099-12-31	
2000000497	Attention and Executive Function	Neuropsychological Examination	Concept Class	Concept Class	S	2000000497	2019-01-01	2099-12-31	
2000000498	Auditory Verbal Learning Test (Rey)	Neuropsychological Examination	Concept Class	Concept Class	S	2000000498	2019-01-01	2099-12-31	
2000000499	Barthel Index	Rating Scales	Concept Class	Concept Class	S	2000000499	2019-01-01	2099-12-31	
2000000500	Bayer Activities of Daily Living Scale	Rating Scales	Concept Class	Concept Class	S	2000000500	2019-01-01	2099-12-31	
2000000501	Beck Depression Inventory	Rating Scales	Concept Class	Concept Class	S	2000000501	2019-01-01	2099-12-31	
2000000502	BEM144 Figure Recall	Neuropsychological Examination	Concept Class	Concept Class	S	2000000502	2019-01-01	2099-12-31	
2000000503	Birth Year	Demographics	Concept Class	Concept Class	S	2000000503	2019-01-01	2099-12-31	
2000000504	Blood	Laboratory Test Results	Concept Class	Concept Class	S	2000000504	2019-01-01	2099-12-31	
2000000505	Blood Assay	Laboratory Test Results	Concept Class	Concept Class	S	2000000505	2019-01-01	2099-12-31	
2000000506	Blood Assay Company	Laboratory Test Results	Concept Class	Concept Class	S	2000000506	2019-01-01	2099-12-31	
2000000507	Blood Centrifugation	Laboratory Test Results	Concept Class	Concept Class	S	2000000507	2019-01-01	2099-12-31	
2000000508	Blood Protocol	Laboratory Test Results	Concept Class	Concept Class	S	2000000508	2019-01-01	2099-12-31	
2000000509	Boston Naming Test	Neuropsychological Examination	Concept Class	Concept Class	S	2000000509	2019-01-01	2099-12-31	
2000000510	California Verbal Learning Test	Neuropsychological Examination	Concept Class	Concept Class	S	2000000510	2019-01-01	2099-12-31	
2000000511	Center	Study Information	Concept Class	Concept Class	S	2000000511	2019-01-01	2099-12-31	
2000000512	Center for Epidemiologic Studies Depression Scale	Rating Scales	Concept Class	Concept Class	S	2000000512	2019-01-01	2099-12-31	
2000000513	Central targeted proteomics	Laboratory Test Results	Concept Class	Concept Class	S	2000000513	2019-01-01	2099-12-31	
2000000514	CERAD Figures Test	Neuropsychological Examination	Concept Class	Concept Class	S	2000000514	2019-01-01	2099-12-31	
2000000515	CERAD Word List	Neuropsychological Examination	Concept Class	Concept Class	S	2000000515	2019-01-01	2099-12-31	
2000000516	CET	Cognitive Screening Tests	Concept Class	Concept Class	S	2000000516	2019-01-01	2099-12-31	
2000000517	Clinical Follow-up Time	Clinical Information	Concept Class	Concept Class	S	2000000517	2019-01-01	2099-12-31	
2000000518	Clinical Functional Impairment	Rating Scales	Concept Class	Concept Class	S	2000000518	2019-01-01	2099-12-31	
2000000519	Clinical Information	Ontology Header	Concept Class	Concept Class	S	2000000519	2019-01-01	2099-12-31	
2000000520	Clinical Visits Dates	Clinical Information	Concept Class	Concept Class	S	2000000520	2019-01-01	2099-12-31	
2000000521	Clock Drawing Test	Neuropsychological Examination	Concept Class	Concept Class	S	2000000521	2019-01-01	2099-12-31	
2000000522	Cognitive Complaints Questionnaire	Rating Scales	Concept Class	Concept Class	S	2000000522	2019-01-01	2099-12-31	
2000000523	Cognitive Estimation Test	Cognitive Screening Tests	Concept Class	Concept Class	S	2000000523	2019-01-01	2099-12-31	
2000000524	Cognitive Screening Tests	Ontology Header	Concept Class	Concept Class	S	2000000524	2019-01-01	2099-12-31	
2000000525	Comorbidities	Clinical Information	Concept Class	Concept Class	S	2000000525	2019-01-01	2099-12-31	
2000000526	Comorbidity	Clinical Information	Concept Class	Concept Class	S	2000000526	2019-01-01	2099-12-31	
2000000527	Complex Figure Test	Neuropsychological Examination	Concept Class	Concept Class	S	2000000527	2019-01-01	2099-12-31	
2000000528	Cornell Scale for Depression	Rating Scales	Concept Class	Concept Class	S	2000000528	2019-01-01	2099-12-31	
2000000529	CSF	Laboratory Test Results	Concept Class	Concept Class	S	2000000529	2019-01-01	2099-12-31	
2000000530	CSF Freeze Thaw Cycles	Laboratory Test Results	Concept Class	Concept Class	S	2000000530	2019-01-01	2099-12-31	
2000000531	CSF Freezing Temperature	Laboratory Test Results	Concept Class	Concept Class	S	2000000531	2019-01-01	2099-12-31	
2000000532	CSF Measures	Laboratory Test Results	Concept Class	Concept Class	S	2000000532	2019-01-01	2099-12-31	
2000000533	CSF Polypropylene Tubes	Laboratory Test Results	Concept Class	Concept Class	S	2000000533	2019-01-01	2099-12-31	
2000000534	CSF Protocol	Laboratory Test Results	Concept Class	Concept Class	S	2000000534	2019-01-01	2099-12-31	
2000000535	CT	Imaging	Concept Class	Concept Class	S	2000000535	2019-01-01	2099-12-31	
2000000536	CT Date	Imaging	Concept Class	Concept Class	S	2000000536	2019-01-01	2099-12-31	
2000000537	CT Manufacturer	Imaging	Concept Class	Concept Class	S	2000000537	2019-01-01	2099-12-31	
2000000538	CT Measures	Imaging	Concept Class	Concept Class	S	2000000538	2019-01-01	2099-12-31	
2000000539	CT Protocol	Imaging	Concept Class	Concept Class	S	2000000539	2019-01-01	2099-12-31	
2000000540	Date Diagnosis	Clinical Information	Concept Class	Concept Class	S	2000000540	2019-01-01	2099-12-31	
2000000541	Date Follow-up	Clinical Information	Concept Class	Concept Class	S	2000000541	2019-01-01	2099-12-31	
2000000542	Date PET	Imaging	Concept Class	Concept Class	S	2000000542	2019-01-01	2099-12-31	
2000000543	Dates Depression Rating Scales	Rating Scales	Concept Class	Concept Class	S	2000000543	2019-01-01	2099-12-31	
2000000544	DBP (mmHg)	Clinical Information	Concept Class	Concept Class	S	2000000544	2019-01-01	2099-12-31	
2000000545	Dementia Medication	Clinical Information	Concept Class	Concept Class	S	2000000545	2019-01-01	2099-12-31	
2000000546	Dementia Quality of Life Instrument	Rating Scales	Concept Class	Concept Class	S	2000000546	2019-01-01	2099-12-31	
2000000547	Dementia Rating Scales	Rating Scales	Concept Class	Concept Class	S	2000000547	2019-01-01	2099-12-31	
2000000548	Demographics	Ontology Header	Concept Class	Concept Class	S	2000000548	2019-01-01	2099-12-31	
2000000549	Depression Rating Scales	Rating Scales	Concept Class	Concept Class	S	2000000549	2019-01-01	2099-12-31	
2000000550	Diagnoses	Clinical Information	Concept Class	Concept Class	S	2000000550	2019-01-01	2099-12-31	
2000000551	Diagnosis	Clinical Information	Concept Class	Concept Class	S	2000000551	2019-01-01	2099-12-31	
2000000552	Diagnosis Based On	Clinical Information	Concept Class	Concept Class	S	2000000552	2019-01-01	2099-12-31	
2000000553	Ecog	Rating Scales	Concept Class	Concept Class	S	2000000553	2019-01-01	2099-12-31	
2000000554	Education Level (yr)	Subject Characteristics	Concept Class	Concept Class	S	2000000554	2019-01-01	2099-12-31	
2000000555	Ethnic Group	Demographics	Concept Class	Concept Class	S	2000000555	2019-01-01	2099-12-31	
2000000556	FDG PET	Imaging	Concept Class	Concept Class	S	2000000556	2019-01-01	2099-12-31	
2000000557	FDG PET Dates	Imaging	Concept Class	Concept Class	S	2000000557	2019-01-01	2099-12-31	
2000000558	FDG PET Measures	Imaging	Concept Class	Concept Class	S	2000000558	2019-01-01	2099-12-31	
2000000559	FDG PET Protocol	Imaging	Concept Class	Concept Class	S	2000000559	2019-01-01	2099-12-31	
2000000560	Fluency	Neuropsychological Examination	Concept Class	Concept Class	S	2000000560	2019-01-01	2099-12-31	
2000000561	Free Cued Selective Reminding Test	Neuropsychological Examination	Concept Class	Concept Class	S	2000000561	2019-01-01	2099-12-31	
2000000562	Functional Activities Questionnaire	Rating Scales	Concept Class	Concept Class	S	2000000562	2019-01-01	2099-12-31	
2000000563	Functional Impairment Scale	Rating Scales	Concept Class	Concept Class	S	2000000563	2019-01-01	2099-12-31	
2000000564	Geriatric Depression Scale	Rating Scales	Concept Class	Concept Class	S	2000000564	2019-01-01	2099-12-31	
2000000565	Global Deterioration Scale	Rating Scales	Concept Class	Concept Class	S	2000000565	2019-01-01	2099-12-31	
2000000566	HCV Manual Bi Cut-off	Imaging	Concept Class	Concept Class	S	2000000566	2019-01-01	2099-12-31	
2000000567	Hippocampal Volume	Imaging	Concept Class	Concept Class	S	2000000567	2019-01-01	2099-12-31	
2000000568	Hopkins Verbal Learning Test	Neuropsychological Examination	Concept Class	Concept Class	S	2000000568	2019-01-01	2099-12-31	
2000000569	Hospital Anxiety and Depression Scale	Rating Scales	Concept Class	Concept Class	S	2000000569	2019-01-01	2099-12-31	
2000000570	Imaging	Ontology Header	Concept Class	Concept Class	S	2000000570	2019-01-01	2099-12-31	
2000000571	In 1000 Cohort	Study Information	Concept Class	Concept Class	S	2000000571	2019-01-01	2099-12-31	
2000000572	Informant Questionnaire on Cognitive Decline	Rating Scales	Concept Class	Concept Class	S	2000000572	2019-01-01	2099-12-31	
2000000573	Intelligence	Neuropsychological Examination	Concept Class	Concept Class	S	2000000573	2019-01-01	2099-12-31	
2000000574	Intracranial Volume	Imaging	Concept Class	Concept Class	S	2000000574	2019-01-01	2099-12-31	
2000000575	Laboratory Test Results	Ontology Header	Concept Class	Concept Class	S	2000000575	2019-01-01	2099-12-31	
2000000576	Language	Neuropsychological Examination	Concept Class	Concept Class	S	2000000576	2019-01-01	2099-12-31	
2000000577	Letter Fluency Test	Neuropsychological Examination	Concept Class	Concept Class	S	2000000577	2019-01-01	2099-12-31	
2000000578	LM Immediate	Neuropsychological Examination	Concept Class	Concept Class	S	2000000578	2019-01-01	2099-12-31	
2000000579	Logical Memory	Neuropsychological Examination	Concept Class	Concept Class	S	2000000579	2019-01-01	2099-12-31	
2000000580	Medial Temporal Lobe Atrophy	Imaging	Concept Class	Concept Class	S	2000000580	2019-01-01	2099-12-31	
2000000581	Medication	Clinical Information	Concept Class	Concept Class	S	2000000581	2019-01-01	2099-12-31	
2000000582	Medication Use	Clinical Information	Concept Class	Concept Class	S	2000000582	2019-01-01	2099-12-31	
2000000583	Memory	Neuropsychological Examination	Concept Class	Concept Class	S	2000000583	2019-01-01	2099-12-31	
2000000584	Memory Alteration Test	Cognitive Screening Tests	Concept Class	Concept Class	S	2000000584	2019-01-01	2099-12-31	
2000000585	Mini Mental State Exam	Cognitive Screening Tests	Concept Class	Concept Class	S	2000000585	2019-01-01	2099-12-31	
2000000586	MMSE Memory Subtest	Neuropsychological Examination	Concept Class	Concept Class	S	2000000586	2019-01-01	2099-12-31	
2000000587	MRI 1000 Study Available	Imaging	Concept Class	Concept Class	S	2000000587	2019-01-01	2099-12-31	
2000000588	MRI Measures	Imaging	Concept Class	Concept Class	S	2000000588	2019-01-01	2099-12-31	
2000000589	MRI Protocol	Imaging	Concept Class	Concept Class	S	2000000589	2019-01-01	2099-12-31	
2000000590	National Adult Reading Test	Neuropsychological Examination	Concept Class	Concept Class	S	2000000590	2019-01-01	2099-12-31	
2000000591	Neuropsychiatric Scales	Rating Scales	Concept Class	Concept Class	S	2000000591	2019-01-01	2099-12-31	
2000000592	Neuropsychological Examination	Ontology Header	Concept Class	Concept Class	S	2000000592	2019-01-01	2099-12-31	
2000000593	Other Medication	Clinical Information	Concept Class	Concept Class	S	2000000593	2019-01-01	2099-12-31	
2000000594	Palpa Afasia Test	Neuropsychological Examination	Concept Class	Concept Class	S	2000000594	2019-01-01	2099-12-31	
2000000595	PET	Imaging	Concept Class	Concept Class	S	2000000595	2019-01-01	2099-12-31	
2000000596	Pharmacogenetics Findings	Ontology Header	Concept Class	Concept Class	S	2000000596	2019-01-01	2099-12-31	
2000000597	Poppelreuter Overlapping Figures Test	Neuropsychological Examination	Concept Class	Concept Class	S	2000000597	2019-01-01	2099-12-31	
2000000598	Priority Attention Test	Neuropsychological Examination	Concept Class	Concept Class	S	2000000598	2019-01-01	2099-12-31	
2000000599	Priority Executive Test	Neuropsychological Examination	Concept Class	Concept Class	S	2000000599	2019-01-01	2099-12-31	
2000000600	Priority Language Test	Neuropsychological Examination	Concept Class	Concept Class	S	2000000600	2019-01-01	2099-12-31	
2000000601	Priority Memory Test	Neuropsychological Examination	Concept Class	Concept Class	S	2000000601	2019-01-01	2099-12-31	
2000000602	Quality of Life	Rating Scales	Concept Class	Concept Class	S	2000000602	2019-01-01	2099-12-31	
2000000603	Race	Demographics	Concept Class	Concept Class	S	2000000603	2019-01-01	2099-12-31	
2000000604	Rating Scales	Ontology Header	Concept Class	Concept Class	S	2000000604	2019-01-01	2099-12-31	
2000000605	Raven Progressive Matrices	Neuropsychological Examination	Concept Class	Concept Class	S	2000000605	2019-01-01	2099-12-31	
2000000606	RI-48 Cued Recall Test	Neuropsychological Examination	Concept Class	Concept Class	S	2000000606	2019-01-01	2099-12-31	
2000000607	RL/RI-16 Test	Neuropsychological Examination	Concept Class	Concept Class	S	2000000607	2019-01-01	2099-12-31	
2000000608	SBP (mmHg)	Clinical Information	Concept Class	Concept Class	S	2000000608	2019-01-01	2099-12-31	
2000000609	Sex	Demographics	Concept Class	Concept Class	S	2000000609	2019-01-01	2099-12-31	
2000000610	Somatic Rating Scales	Rating Scales	Concept Class	Concept Class	S	2000000610	2019-01-01	2099-12-31	
2000000611	SRT Delayed	Neuropsychological Examination	Concept Class	Concept Class	S	2000000611	2019-01-01	2099-12-31	
2000000612	SRT Delayed Z-score	Neuropsychological Examination	Concept Class	Concept Class	S	2000000612	2019-01-01	2099-12-31	
2000000613	SRT Immediate	Neuropsychological Examination	Concept Class	Concept Class	S	2000000613	2019-01-01	2099-12-31	
2000000614	SRT Immediate Z-score	Neuropsychological Examination	Concept Class	Concept Class	S	2000000614	2019-01-01	2099-12-31	
2000000615	State-Trate Anxiety Inventory	Rating Scales	Concept Class	Concept Class	S	2000000615	2019-01-01	2099-12-31	
2000000616	Story Recall	Neuropsychological Examination	Concept Class	Concept Class	S	2000000616	2019-01-01	2099-12-31	
2000000617	Story Recall Test	Neuropsychological Examination	Concept Class	Concept Class	S	2000000617	2019-01-01	2099-12-31	
2000000618	Stroop Test	Neuropsychological Examination	Concept Class	Concept Class	S	2000000618	2019-01-01	2099-12-31	
2000000619	Study Information	Ontology Header	Concept Class	Concept Class	S	2000000619	2019-01-01	2099-12-31	
2000000620	Study Name	Study Information	Concept Class	Concept Class	S	2000000620	2019-01-01	2099-12-31	
2000000621	Subject Characteristics	Ontology Header	Concept Class	Concept Class	S	2000000621	2019-01-01	2099-12-31	
2000000622	Subjective Cognitive Impairment	Rating Scales	Concept Class	Concept Class	S	2000000622	2019-01-01	2099-12-31	
2000000623	Symbol Digit Substitution Test	Neuropsychological Examination	Concept Class	Concept Class	S	2000000623	2019-01-01	2099-12-31	
2000000624	Test Batteries	Neuropsychological Examination	Concept Class	Concept Class	S	2000000624	2019-01-01	2099-12-31	
2000000625	Trail Making Test	Neuropsychological Examination	Concept Class	Concept Class	S	2000000625	2019-01-01	2099-12-31	
2000000626	Year of Baseline Visit	Clinical Information	Concept Class	Concept Class	S	2000000626	2019-01-01	2099-12-31	
2000000627	Ventricle Volumes	Imaging	Concept Class	Concept Class	S	2000000627	2019-01-01	2099-12-31	
2000000628	Visual Association Test	Neuropsychological Examination	Concept Class	Concept Class	S	2000000628	2019-01-01	2099-12-31	
2000000629	Visual Memory	Neuropsychological Examination	Concept Class	Concept Class	S	2000000629	2019-01-01	2099-12-31	
2000000630	Visuoconstruction	Neuropsychological Examination	Concept Class	Concept Class	S	2000000630	2019-01-01	2099-12-31	
2000000631	Vital Signs	Clinical Information	Concept Class	Concept Class	S	2000000631	2019-01-01	2099-12-31	
2000000632	WAIS Vocabulary Test	Neuropsychological Examination	Concept Class	Concept Class	S	2000000632	2019-01-01	2099-12-31	
2000000633	Webster Scale	Rating Scales	Concept Class	Concept Class	S	2000000633	2019-01-01	2099-12-31	
2000000634	Word List	Neuropsychological Examination	Concept Class	Concept Class	S	2000000634	2019-01-01	2099-12-31	
2000000635	Alcohol Use	Clinical Information	Concept Class	Concept Class	S	2000000323	2019-01-01	2099-12-31	
2000000636	Smoking Habits	Clinical Information	Concept Class	Concept Class	S	2000000435	2019-01-01	2099-12-31	
2000000637	Cardiovascular Disorders	Clinical Information	Concept Class	Concept Class	S	2000000400	2019-01-01	2099-12-31	
2000000638	Cardiovascular Risk Factors	Clinical Information	Concept Class	Concept Class	S	2000000402	2019-01-01	2099-12-31	
2000000639	Cerebrovascular Disorders	Clinical Information	Concept Class	Concept Class	S	2000000403	2019-01-01	2099-12-31	
2000000640	Endocrine Disorders	Clinical Information	Concept Class	Concept Class	S	2000000405	2019-01-01	2099-12-31	
2000000641	Neurological Disorders	Clinical Information	Concept Class	Concept Class	S	2000000408	2019-01-01	2099-12-31	
2000000642	Psychiatric Disorders	Clinical Information	Concept Class	Concept Class	S	2000000410	2019-01-01	2099-12-31	
2000000643	Somatic Disorders	Clinical Information	Concept Class	Concept Class	S	2000000412	2019-01-01	2099-12-31	
2000000644	Other Dementia Diagnosis	Clinical Information	Concept Class	Concept Class	S	2000000404	2019-01-01	2099-12-31	
2000000645	Cardiovascular Drugs	Clinical Information	Concept Class	Concept Class	S	2000000401	2019-01-01	2099-12-31	
2000000646	Hormonal Therapy	Clinical Information	Concept Class	Concept Class	S	2000000406	2019-01-01	2099-12-31	
2000000647	Psychopharmaca	Clinical Information	Concept Class	Concept Class	S	2000000411	2019-01-01	2099-12-31	
2000000648	Montreal Cognitive Assessment	Cognitive Screening Tests	Concept Class	Concept Class	S	2000000389	2019-01-01	2099-12-31	
2000000649	MRI Dates	Imaging	Concept Class	Concept Class	S	2000000481	2019-01-01	2099-12-31	
2000000650	Entorhinal Cortex	Imaging	Concept Class	Concept Class	S	2000000299	2019-01-01	2099-12-31	
2000000651	Blood Dates	Laboratory Test Results	Concept Class	Concept Class	S	2000000480	2019-01-01	2099-12-31	
2000000652	CSF Dates	Laboratory Test Results	Concept Class	Concept Class	S	2000000482	2019-01-01	2099-12-31	
2000000653	Dates Neuropsychological Examination	Neuropsychological Examination	Concept Class	Concept Class	S	2000000477	2019-01-01	2099-12-31	
2000000654	Stroop Interference Z-score	Neuropsychological Examination	Concept Class	Concept Class	S	2000000439	2019-01-01	2099-12-31	
2000000655	Visual Object and Space Perception	Neuropsychological Examination	Concept Class	Concept Class	S	2000000452	2019-01-01	2099-12-31	
2000000656	WAIS Block Design Test	Neuropsychological Examination	Concept Class	Concept Class	S	2000000459	2019-01-01	2099-12-31	
2000000657	Priority Visuoconstruction Type	Neuropsychological Examination	Concept Class	Concept Class	S	2000000419	2019-01-01	2099-12-31	
2000000658	Dates Rating Scales	Rating Scales	Concept Class	Concept Class	S	2000000478	2019-01-01	2099-12-31	
2000000659	Mattis Dementia Rating Scale	Rating Scales	Concept Class	Concept Class	S	2000000162	2019-01-01	2099-12-31	
2000000660	Instrumental Activities of Daily Living	Rating Scales	Concept Class	Concept Class	S	2000000138	2019-01-01	2099-12-31	
2000000661	Neuropsychiatric Inventory	Rating Scales	Concept Class	Concept Class	S	2000000173	2019-01-01	2099-12-31	
2000000662	Hamilton Depression Scale	Rating Scales	Concept Class	Concept Class	S	2000000121	2019-01-01	2099-12-31	
2000000663	Montgomery-Asberg Depression Rating Scale	Rating Scales	Concept Class	Concept Class	S	2000000158	2019-01-01	2099-12-31	
2000000664	Hachinski Ischaemic Score	Rating Scales	Concept Class	Concept Class	S	2000000133	2019-01-01	2099-12-31	
2000000665	FTD	_Concepts	Concept Class	Concept Class	S	2000000665	2019-01-01	2099-12-31	
2000000666	LBD	_Concepts	Concept Class	Concept Class	S	2000000666	2019-01-01	2099-12-31	
2000000667	Vascular	_Concepts	Concept Class	Concept Class	S	2000000667	2019-01-01	2099-12-31	
2000000668	American Indian or Alaska Native	_Concepts	Concept Class	Concept Class	S	2000000668	2019-01-01	2099-12-31	
2000000669	Asian	_Concepts	Concept Class	Concept Class	S	2000000669	2019-01-01	2099-12-31	
2000000670	Black or African American	_Concepts	Concept Class	Concept Class	S	2000000670	2019-01-01	2099-12-31	
2000000671	Native Hawaiian or Other Pacific Islander	_Concepts	Concept Class	Concept Class	S	2000000671	2019-01-01	2099-12-31	
2000000672	White	_Concepts	Concept Class	Concept Class	S	2000000672	2019-01-01	2099-12-31	
2000000673	Clinical	_Concepts	Concept Class	Concept Class	S	2000000673	2019-01-01	2099-12-31	
2000000674	Neuropsychological tests	_Concepts	Concept Class	Concept Class	S	2000000674	2019-01-01	2099-12-31	
2000000675	CDR	_Concepts	Concept Class	Concept Class	S	2000000675	2019-01-01	2099-12-31	
2000000676	ELISA	_Concepts	Concept Class	Concept Class	S	2000000676	2019-01-01	2099-12-31	
2000000677	X-MAP	_Concepts	Concept Class	Concept Class	S	2000000677	2019-01-01	2099-12-31	
2000000678	None	_Concepts	Concept Class	Concept Class	S	2000000678	2019-01-01	2099-12-31	
2000000679	Questionable	_Concepts	Concept Class	Concept Class	S	2000000679	2019-01-01	2099-12-31	
2000000680	Mild	_Concepts	Concept Class	Concept Class	S	2000000680	2019-01-01	2099-12-31	
2000000681	Moderate	_Concepts	Concept Class	Concept Class	S	2000000681	2019-01-01	2099-12-31	
2000000682	Severe	_Concepts	Concept Class	Concept Class	S	2000000682	2019-01-01	2099-12-31	
2000000683	NL	_Concepts	Concept Class	Concept Class	S	2000000683	2019-01-01	2099-12-31	
2000000684	PD	_Concepts	Concept Class	Concept Class	S	2000000684	2019-01-01	2099-12-31	
2000000685	VAD	_Concepts	Concept Class	Concept Class	S	2000000685	2019-01-01	2099-12-31	
2000000686	SD	_Concepts	Concept Class	Concept Class	S	2000000686	2019-01-01	2099-12-31	
2000000687	CBS	_Concepts	Concept Class	Concept Class	S	2000000687	2019-01-01	2099-12-31	
2000000688	CJD	_Concepts	Concept Class	Concept Class	S	2000000688	2019-01-01	2099-12-31	
2000000689	PNFA	_Concepts	Concept Class	Concept Class	S	2000000689	2019-01-01	2099-12-31	
2000000690	PSP 	_Concepts	Concept Class	Concept Class	S	2000000690	2019-01-01	2099-12-31	
2000000691	LEAP	_Concepts	Concept Class	Concept Class	S	2000000691	2019-01-01	2099-12-31	
2000000692	CERAD Wordlist	_Concepts	Concept Class	Concept Class	S	2000000692	2019-01-01	2099-12-31	
2000000693	MCBP	_Concepts	Concept Class	Concept Class	S	2000000693	2019-01-01	2099-12-31	
2000000449	Total Cholesterol	Blood Measures	Concept Class	Concept Class	S	2000000449	2019-01-01	2099-12-31	
2000000458	Vitamin B12	Blood Measures	Concept Class	Concept Class	S	2000000458	2019-01-01	2099-12-31	
2000000446	Thyroid Hormone	Blood Measures	Concept Class	Concept Class	S	2000000446	2019-01-01	2099-12-31	
2000000387	LDL Cholesterol	Blood Measures	Concept Class	Concept Class	S	2000000387	2019-01-01	2099-12-31	
2000000377	HDL Cholesterol	Blood Measures	Concept Class	Concept Class	S	2000000377	2019-01-01	2099-12-31	
2000000371	Fasting Triglycerides	Blood Measures	Concept Class	Concept Class	S	2000000371	2019-01-01	2099-12-31	
2000000370	Fasting Insulin	Blood Measures	Concept Class	Concept Class	S	2000000370	2019-01-01	2099-12-31	
2000000418	Postprandial Glucose	Blood Measures	Concept Class	Concept Class	S	2000000418	2019-01-01	2099-12-31	
2000000694	Thyroid-stimulating Hormone								
